358.6124,341.9167,1.580497,0.2214025,343.8792,1.296523,0.8815424,340.649,82.36706,349.5793,354.0227,88.77888,11.27063,353.0598,288.599,349.8542,332.0215,275.1844,356.725,341.8646,354.8759,4.931892,341.1285,354.8653,4.862182,338.7945,358.2644,3.388805,342.1509,7.260273,4.161887,342.2497,7.266776,3.692036,328.8649,1.110983,2.347159,343.8992,1.097297
358.6124,341.9167,1.580497,0.2214025,343.8792,1.296523,0.8815424,340.649,82.36706,349.5793,354.0227,88.77888,11.27063,353.0598,288.599,349.8542,332.0215,275.1844,356.725,341.8646,354.8759,4.931892,341.1285,354.8653,4.862182,338.7945,358.2644,3.388805,342.1509,7.260273,4.161887,342.2497,7.266776,3.692036,328.8649,1.110983,2.347159,343.8992,1.097297
358.6152,341.928,1.577747,0.2233678,343.8759,1.295602,0.8801549,340.6469,82.36758,349.5866,354.0119,88.78298,11.27587,353.0614,288.6065,349.8522,332.0193,275.1777,356.7394,341.8763,354.8759,4.919169,341.1425,354.8653,4.850303,338.8035,358.2696,3.381113,342.1617,7.263067,4.164088,342.2618,7.26965,3.692101,328.8714,1.112733,2.352037,343.8959,1.095203
358.6186,341.9409,1.575072,0.2255073,343.8733,1.294929,0.8794564,340.6449,82.36822,349.5956,354.0003,88.78683,11.28078,353.0637,288.6136,349.8518,332.0194,275.1708,356.7537,341.8896,354.8757,4.906553,341.1582,354.8651,4.838552,338.8154,358.275,3.372374,342.1741,7.265459,4.162201,342.275,7.272091,3.691984,328.8793,1.115002,2.356967,343.8932,1.093331
358.622,341.9538,1.572417,0.2276644,343.8709,1.29411,0.8789398,340.6431,82.36888,349.6056,353.9879,88.79066,11.28568,353.0663,288.6207,349.8517,332.0203,275.1638,356.7689,341.9028,354.8745,4.894136,341.1738,354.8639,4.826766,338.812,358.2797,3.363811,342.1864,7.267845,4.161396,342.2884,7.274538,3.691813,328.8865,1.116961,2.362321,343.8909,1.090984
358.6264,341.9683,1.569805,0.2301855,343.8684,1.293485,0.8784522,340.6409,82.3697,349.6165,353.9744,88.79539,11.29079,353.069,288.6271,349.8553,332.0246,275.1566,356.7838,341.9177,354.8718,4.881727,341.1907,354.8612,4.815229,338.8198,358.2849,3.353538,342.2002,7.269455,4.159765,342.3033,7.276211,3.69187,328.8946,1.118278,2.367169,343.8883,1.088886
358.632,341.9851,1.56701,0.2327806,343.8662,1.292876,0.8778878,340.6394,82.37059,349.6286,353.96,88.79956,11.2963,353.0727,288.6344,349.8583,332.0291,275.1487,356.8001,341.9349,354.8675,4.867636,341.2101,354.857,4.801555,338.8326,358.2911,3.343182,342.2163,7.27176,4.15701,342.3204,7.27857,3.690674,328.9009,1.12013,2.372576,343.8861,1.086695
358.6385,342.0016,1.564319,0.2356489,343.8646,1.292402,0.8777742,340.6377,82.37117,349.6404,353.9465,88.80363,11.30141,353.0765,288.6415,349.8731,332.0473,275.1373,356.8176,341.9518,354.8627,4.851213,341.2293,354.8521,4.785783,338.849,358.2982,3.33446,342.2322,7.272985,4.151119,342.3367,7.279806,3.687392,328.9058,1.121553,2.377456,343.8844,1.084749
358.6452,342.0198,1.561463,0.2386395,343.8624,1.291872,0.8769512,340.6358,82.36983,349.6518,353.9328,88.80782,11.30699,353.0804,288.6487,349.8874,332.0652,275.1249,356.8359,341.9704,354.8552,4.837892,341.2497,354.8446,4.77374,338.8736,358.3045,3.325181,342.2497,7.274433,4.149347,342.3552,7.28131,3.68397,328.9124,1.122245,2.382005,343.8823,1.082936
358.6538,342.0357,1.558217,0.2418007,343.8614,1.291412,0.8773157,340.6338,82.36868,349.6638,353.9198,88.81223,11.31229,353.0855,288.6558,349.9031,332.0858,275.1118,356.8519,341.9866,354.8482,4.823926,341.2677,354.8376,4.761673,338.8934,358.3105,3.315341,342.2649,7.275969,4.141371,342.3706,7.282844,3.679907,328.9165,1.124449,2.386867,343.8812,1.081031
358.6538,342.0357,1.558217,0.2418007,343.8614,1.291412,0.8773157,340.6338,82.36868,349.6638,353.9198,88.81223,11.31229,353.0855,288.6558,349.9031,332.0858,275.1118,356.8519,341.9866,354.8482,4.823926,341.2677,354.8376,4.761673,338.8934,358.3105,3.315341,342.2649,7.275969,4.141371,342.3706,7.282844,3.679907,328.9165,1.124449,2.386867,343.8812,1.081031
358.6628,342.0524,1.555308,0.2451071,343.8616,1.291043,0.8792062,340.6312,82.3666,349.675,353.9088,88.81638,11.31712,353.0917,288.6621,349.9215,332.1117,275.0961,356.8643,342.0035,354.8425,4.812566,341.2859,354.832,4.751964,338.9177,358.3159,3.305547,342.2808,7.276778,4.136225,342.3872,7.28368,3.675564,328.9174,1.124904,2.391803,343.8814,1.079489
358.6739,342.0707,1.551101,0.2486533,343.8606,1.290567,0.8796921,340.6293,82.3659,349.6885,353.8942,88.82054,11.32285,353.0976,288.668,349.9516,332.1478,275.0803,356.8734,342.0219,354.8386,4.805101,341.3052,354.8281,4.746881,338.9641,358.3206,3.293289,342.2982,7.278889,4.130426,342.4054,7.28583,3.671258,328.9174,1.126528,2.396926,343.8804,1.077758
358.6739,342.0707,1.551101,0.2486533,343.8606,1.290567,0.8796921,340.6293,82.3659,349.6885,353.8942,88.82054,11.32285,353.0976,288.668,349.9516,332.1478,275.0803,356.8734,342.0219,354.8386,4.805101,341.3052,354.8281,4.746881,338.9641,358.3206,3.293289,342.2982,7.278889,4.130426,342.4054,7.28583,3.671258,328.9174,1.126528,2.396926,343.8804,1.077758
358.6855,342.0883,1.54677,0.252314,343.8595,1.290066,0.8803265,340.6272,82.36556,349.7017,353.8799,88.82448,11.32813,353.1028,288.6731,349.9829,332.1854,275.0641,356.8872,342.0396,354.833,4.793109,341.3245,354.8225,4.737341,339.0107,358.327,3.281677,342.3149,7.280995,4.122483,342.4226,7.28795,3.666415,328.916,1.128581,2.403866,343.8792,1.074884
358.6975,342.1096,1.542089,0.2560894,343.8585,1.289528,0.8810822,340.625,82.36511,349.7168,353.8636,88.82806,11.33331,353.1079,288.6778,350.0139,332.2225,275.0481,356.9063,342.0613,354.8255,4.776724,341.3483,354.815,4.723167,339.0609,358.3353,3.268775,342.3352,7.28287,4.114145,342.4435,7.289844,3.660811,328.9268,1.131349,2.411126,343.8782,1.071782
358.6975,342.1096,1.542089,0.2560894,343.8585,1.289528,0.8810822,340.625,82.36511,349.7168,353.8636,88.82806,11.33331,353.1079,288.6778,350.0139,332.2225,275.0481,356.9063,342.0613,354.8255,4.776724,341.3483,354.815,4.723167,339.0609,358.3353,3.268775,342.3352,7.28287,4.114145,342.4435,7.289844,3.660811,328.9268,1.131349,2.411126,343.8782,1.071782
358.7094,342.1293,1.537514,0.2599613,343.8593,1.289032,0.8837326,340.6223,82.3631,349.7322,353.8488,88.83107,11.33784,353.1149,288.6819,350.0479,332.2648,275.0314,356.9252,342.0813,354.8172,4.758495,341.3706,354.8068,4.705939,339.079,358.3431,3.257128,342.3539,7.282116,4.107947,342.4629,7.289118,3.654783,328.9365,1.131129,2.418013,343.8789,1.06894
358.7222,342.1444,1.531548,0.263709,343.8593,1.288247,0.8855719,340.6199,82.36189,349.7575,353.8225,88.8289,11.34202,353.1205,288.6846,350.0846,332.3091,275.0143,356.9487,342.0969,354.8078,4.73348,341.3892,354.7974,4.681586,339.0909,358.353,3.246714,342.3681,7.282086,4.098438,342.4772,7.289075,3.648296,328.9431,1.132525,2.42523,343.8788,1.065836
358.7222,342.1444,1.531548,0.263709,343.8593,1.288247,0.8855719,340.6199,82.36189,349.7575,353.8225,88.8289,11.34202,353.1205,288.6846,350.0846,332.3091,275.0143,356.9487,342.0969,354.8078,4.73348,341.3892,354.7974,4.681586,339.0909,358.353,3.246714,342.3681,7.282086,4.098438,342.4772,7.289075,3.648296,328.9431,1.132525,2.42523,343.8788,1.065836
358.7365,342.1637,1.524144,0.2677938,343.8586,1.28705,0.8868527,340.6174,82.36124,349.7855,353.7923,88.82439,11.34738,353.1269,288.6849,350.1177,332.3484,274.9987,356.9729,342.1168,354.7988,4.70737,341.4125,354.7884,4.655911,339.1089,358.3637,3.233116,342.3864,7.283919,4.089346,342.4961,7.290925,3.641842,328.9549,1.135737,2.433472,343.8781,1.061527
358.7506,342.1851,1.516486,0.2719482,343.8584,1.285506,0.8885109,340.6153,82.36106,349.8135,353.7627,88.81943,11.35229,353.1335,288.6845,350.1487,332.3856,274.9844,357.013,342.139,354.7784,4.669713,341.439,354.7681,4.616899,339.1283,358.3793,3.21889,342.4066,7.286136,4.084062,342.5175,7.293199,3.635098,328.9691,1.138485,2.442213,343.8778,1.056326
358.7506,342.1851,1.516486,0.2719482,343.8584,1.285506,0.8885109,340.6153,82.36106,349.8135,353.7627,88.81943,11.35229,353.1335,288.6845,350.1487,332.3856,274.9844,357.013,342.139,354.7784,4.669713,341.439,354.7681,4.616899,339.1283,358.3793,3.21889,342.4066,7.286136,4.084062,342.5175,7.293199,3.635098,328.9691,1.138485,2.442213,343.8778,1.056326
358.7653,342.2071,1.508471,0.2762697,343.8593,1.284174,0.8913569,340.6131,82.3608,349.8404,353.7351,88.81325,11.35736,353.1422,288.6824,350.1786,332.4224,274.9708,357.0521,342.1619,354.7574,4.633059,341.4661,354.7471,4.578102,339.149,358.3948,3.204009,342.4275,7.288994,4.075384,342.5392,7.296088,3.628471,328.9837,1.14261,2.45014,343.8787,1.051774
358.7802,342.2284,1.500681,0.2807752,343.8609,1.283335,0.8952275,340.6104,82.36018,349.866,353.7097,88.80719,11.36279,353.1527,288.6776,350.2184,332.4695,274.9578,357.0882,342.1841,354.7361,4.596618,341.4921,354.7259,4.539918,339.1697,358.4101,3.189318,342.4477,7.291369,4.065975,342.5601,7.298485,3.621575,328.9962,1.146301,2.457408,343.8802,1.048397
358.7802,342.2284,1.500681,0.2807752,343.8609,1.283335,0.8952275,340.6104,82.36018,349.866,353.7097,88.80719,11.36279,353.1527,288.6776,350.2184,332.4695,274.9578,357.0882,342.1841,354.7361,4.596618,341.4921,354.7259,4.539918,339.1697,358.4101,3.189318,342.4477,7.291369,4.065975,342.5601,7.298485,3.621575,328.9962,1.146301,2.457408,343.8802,1.048397
358.7975,342.2519,1.490672,0.2859529,343.8636,1.282322,0.899888,340.6079,82.3588,349.8899,353.6873,88.80232,11.36845,353.1656,288.6695,350.2555,332.5136,274.9476,357.1194,342.2082,354.718,4.56299,341.5198,354.7079,4.504098,339.1915,358.4246,3.17287,342.4699,7.296181,4.056517,342.5833,7.30333,3.613519,329.0102,1.152323,2.464276,343.8829,1.045119
358.8159,342.2812,1.479784,0.2918388,343.865,1.2812,0.903686,340.6051,82.35809,349.9137,353.6638,88.79818,11.3756,353.1788,288.6599,350.2877,332.5498,274.9415,357.1461,342.238,354.7021,4.532437,341.5528,354.692,4.471955,339.2177,358.4383,3.152745,342.4977,7.303532,4.046773,342.6126,7.310743,3.606161,329.0292,1.160796,2.470391,343.8842,1.04244
358.8159,342.2812,1.479784,0.2918388,343.865,1.2812,0.903686,340.6051,82.35809,349.9137,353.6638,88.79818,11.3756,353.1788,288.6599,350.2877,332.5498,274.9415,357.1461,342.238,354.7021,4.532437,341.5528,354.692,4.471955,339.2177,358.4383,3.152745,342.4977,7.303532,4.046773,342.6126,7.310743,3.606161,329.0292,1.160796,2.470391,343.8842,1.04244
358.8334,342.3095,1.469267,0.2975259,343.8669,1.280102,0.9070153,340.6034,82.35745,349.9307,353.6482,88.7979,11.3826,353.1927,288.6497,350.3163,332.5816,274.9382,357.1688,342.2668,354.687,4.505752,341.5842,354.6771,4.443445,339.2427,358.4505,3.133803,342.5247,7.310609,4.038094,342.641,7.317883,3.598907,329.0492,1.168947,2.477068,343.8861,1.039732
358.8501,342.3358,1.459382,0.3033367,343.8692,1.279028,0.9096632,340.6028,82.35675,349.9455,353.6354,88.79935,11.38979,353.2075,288.6385,350.3492,332.6193,274.9321,357.1865,342.2933,354.6747,4.48435,341.6129,354.6647,4.420129,339.2664,358.4608,3.1164,342.5497,7.317636,4.028308,342.6671,7.32495,3.591676,329.0674,1.177324,2.484228,343.8884,1.038087
358.8501,342.3358,1.459382,0.3033367,343.8692,1.279028,0.9096632,340.6028,82.35675,349.9455,353.6354,88.79935,11.38979,353.2075,288.6385,350.3492,332.6193,274.9321,357.1865,342.2933,354.6747,4.48435,341.6129,354.6647,4.420129,339.2664,358.4608,3.1164,342.5497,7.317636,4.028308,342.6671,7.32495,3.591676,329.0674,1.177324,2.484228,343.8884,1.038087
358.8661,342.3632,1.449929,0.3089519,343.8722,1.278011,0.9121369,340.6032,82.35626,349.9578,353.6261,88.80206,11.39653,353.2226,288.6273,350.3966,332.6772,274.9149,357.2011,342.321,354.6631,4.466345,341.642,354.6532,4.400149,339.291,358.47,3.098357,342.5759,7.324986,4.021995,342.6949,7.332377,3.58635,329.0865,1.185183,2.492194,343.8913,1.036608
358.8826,342.3931,1.441189,0.3147183,343.8772,1.277004,0.9152997,340.6044,82.35355,349.9691,353.6201,88.80637,11.40324,353.2405,288.616,350.4503,332.7426,274.8994,357.2232,342.3513,354.6477,4.443148,341.6746,354.6379,4.374814,339.3167,358.4812,3.082018,342.6046,7.330756,4.012289,342.7245,7.338178,3.580648,329.1088,1.192373,2.50051,343.8963,1.035959
358.8826,342.3931,1.441189,0.3147183,343.8772,1.277004,0.9152997,340.6044,82.35355,349.9691,353.6201,88.80637,11.40324,353.2405,288.616,350.4503,332.7426,274.8994,357.2232,342.3513,354.6477,4.443148,341.6746,354.6379,4.374814,339.3167,358.4812,3.082018,342.6046,7.330756,4.012289,342.7245,7.338178,3.580648,329.1088,1.192373,2.50051,343.8963,1.035959
358.8982,342.4205,1.433186,0.3202935,343.8829,1.276059,0.9165147,340.6082,82.34973,349.9807,353.6149,88.81301,11.41049,353.2603,288.6055,350.4985,332.8019,274.8869,357.2413,342.379,354.6336,4.423257,341.7041,354.6238,4.352931,339.3398,358.4909,3.067915,342.6309,7.333917,4.002309,342.7515,7.34135,3.573379,329.1277,1.196999,2.512114,343.902,1.036059
358.9138,342.4511,1.426672,0.3256726,343.8987,1.275282,0.9249383,340.6144,82.34242,349.9957,353.6169,88.82077,11.41512,353.2904,288.5974,350.5456,332.8705,274.874,357.2594,342.4098,354.6182,4.404305,341.7365,354.6084,4.331742,339.3596,358.5004,3.052264,342.6603,7.334642,3.994859,342.7819,7.342117,3.566567,329.1493,1.198639,2.523841,343.9179,1.037038
358.9138,342.4511,1.426672,0.3256726,343.8987,1.275282,0.9249383,340.6144,82.34242,349.9957,353.6169,88.82077,11.41512,353.2904,288.5974,350.5456,332.8705,274.874,357.2594,342.4098,354.6182,4.404305,341.7365,354.6084,4.331742,339.3596,358.5004,3.052264,342.6603,7.334642,3.994859,342.7819,7.342117,3.566567,329.1493,1.198639,2.523841,343.9179,1.037038
358.9286,342.4812,1.42096,0.3312007,343.9164,1.274519,0.9328538,340.6229,82.33382,350.0065,353.6248,88.82375,11.41999,353.3238,288.5891,350.5887,332.9359,274.864,357.2923,342.6223,354.5955,4.39832,341.9498,354.5855,4.313215,339.3813,358.509,3.036874,342.6892,7.334637,3.985169,342.8115,7.34213,3.559448,329.1736,1.200401,2.535564,343.9357,1.038249
358.9286,342.4812,1.42096,0.3312007,343.9164,1.274519,0.9328538,340.6229,82.33382,350.0065,353.6248,88.82375,11.41999,353.3238,288.5891,350.5887,332.9359,274.864,357.2923,342.6223,354.5955,4.39832,341.9498,354.5855,4.313215,339.3813,358.509,3.036874,342.6892,7.334637,3.985169,342.8115,7.34213,3.559448,329.1736,1.200401,2.535564,343.9357,1.038249
358.9428,342.5084,1.415906,0.3369867,343.9367,1.273772,0.9407215,340.6334,82.32213,350.0164,353.6361,88.8247,11.42481,353.3606,288.5829,350.6262,332.9982,274.8541,357.308,342.6489,354.5783,4.380241,341.9774,354.5684,4.292863,339.4008,358.518,3.02348,342.7152,7.333761,3.97421,342.8379,7.341246,3.551412,329.1946,1.201586,2.549204,343.9561,1.039696
358.956,342.5344,1.411716,0.3429066,343.9611,1.273407,0.9519083,340.6446,82.30988,350.0144,353.6626,88.81435,11.42811,353.4008,288.5783,350.6631,333.0642,274.8439,357.2996,342.4935,354.5739,4.358991,341.8227,354.5641,4.280084,339.4246,358.5245,3.010691,342.7402,7.332637,3.96627,342.8634,7.340137,3.544561,329.2097,1.201348,2.56732,343.9806,1.043033
358.956,342.5344,1.411716,0.3429066,343.9611,1.273407,0.9519083,340.6446,82.30988,350.0144,353.6626,88.81435,11.42811,353.4008,288.5783,350.6631,333.0642,274.8439,357.2996,342.4935,354.5739,4.358991,341.8227,354.5641,4.280084,339.4246,358.5245,3.010691,342.7402,7.332637,3.96627,342.8634,7.340137,3.544561,329.2097,1.201348,2.56732,343.9806,1.043033
358.9683,342.5585,1.408129,0.3487923,343.9859,1.27317,0.9624582,340.6569,82.29733,349.9992,353.7021,88.79305,11.43154,353.4417,288.5742,350.6917,333.1206,274.8377,357.3062,342.5176,354.5613,4.349097,341.8468,354.5517,4.268267,339.444,358.5304,2.99899,342.7633,7.331428,3.957788,342.887,7.338929,3.537763,329.226,1.201465,2.585936,344.0056,1.046853
358.9683,342.5585,1.408129,0.3487923,343.9859,1.27317,0.9624582,340.6569,82.29733,349.9992,353.7021,88.79305,11.43154,353.4417,288.5742,350.6917,333.1206,274.8377,357.3062,342.5176,354.5613,4.349097,341.8468,354.5517,4.268267,339.444,358.5304,2.99899,342.7633,7.331428,3.957788,342.887,7.338929,3.537763,329.226,1.201465,2.585936,344.0056,1.046853
358.9795,342.5825,1.405085,0.3547114,344.0104,1.273014,0.9684397,340.6738,82.28474,349.9809,353.7437,88.76448,11.43457,353.4816,288.571,350.7173,333.1734,274.8323,357.3118,342.5415,354.5499,4.341197,341.8706,354.5402,4.258828,339.4647,358.5355,2.989085,342.7865,7.330258,3.947887,342.9101,7.337737,3.530119,329.2424,1.201977,2.604092,344.0303,1.051028
358.9896,342.6107,1.402816,0.3604836,344.049,1.273127,0.9868327,340.6912,82.26607,349.9338,353.8266,88.70521,11.43313,353.535,288.5709,350.7378,333.2357,274.8265,357.3168,342.5697,354.5396,4.334517,341.8986,354.5299,4.251205,339.4873,358.5402,2.978057,342.8138,7.328328,3.939268,342.9377,7.335803,3.522927,329.2632,1.201455,2.62316,344.0692,1.055965
358.9896,342.6107,1.402816,0.3604836,344.049,1.273127,0.9868327,340.6912,82.26607,349.9338,353.8266,88.70521,11.43313,353.535,288.5709,350.7378,333.2357,274.8265,357.3168,342.5697,354.5396,4.334517,341.8986,354.5299,4.251205,339.4873,358.5402,2.978057,342.8138,7.328328,3.939268,342.9377,7.335803,3.522927,329.2632,1.201455,2.62316,344.0692,1.055965
358.9896,342.6107,1.402816,0.3604836,344.049,1.273127,0.9868327,340.6912,82.26607,349.9338,353.8266,88.70521,11.43313,353.535,288.5709,350.7378,333.2357,274.8265,357.3168,342.5697,354.5396,4.334517,341.8986,354.5299,4.251205,339.4873,358.5402,2.978057,342.8138,7.328328,3.939268,342.9377,7.335803,3.522927,329.2632,1.201455,2.62316,344.0692,1.055965
358.999,342.6391,1.400905,0.3662944,344.0885,1.273215,1.00264,340.7127,82.24806,349.8854,353.9117,88.64151,11.43137,353.5894,288.5717,350.7527,333.2925,274.8228,357.3208,342.598,354.5306,4.330459,341.9266,354.5209,4.245756,339.5109,358.5442,2.967145,342.8413,7.32656,3.929961,342.9654,7.334025,3.516093,329.284,1.201245,2.643549,344.1089,1.060277
359.0077,342.6653,1.39934,0.3724576,344.1258,1.273284,1.011501,340.7395,82.2313,349.8131,354.0168,88.55482,11.43031,353.6412,288.5728,350.7621,333.3407,274.8206,357.3415,342.8048,354.5143,4.336364,342.1328,354.5044,4.240524,339.5344,358.5481,2.957453,342.8667,7.324831,3.919472,342.9907,7.332264,3.509553,329.3032,1.201398,2.664637,344.1464,1.064105
359.0154,342.6909,1.398083,0.3782075,344.1687,1.273473,1.020854,340.7719,82.21339,349.7543,354.1148,88.47357,11.4274,353.6984,288.5755,350.7679,333.391,274.8187,357.3285,342.6497,354.516,4.321957,341.9781,354.5063,4.235653,339.5585,358.5518,2.94839,342.8917,7.322617,3.913611,343.016,7.330057,3.504333,329.3193,1.199756,2.683952,344.1895,1.068545
359.0154,342.6909,1.398083,0.3782075,344.1687,1.273473,1.020854,340.7719,82.21339,349.7543,354.1148,88.47357,11.4274,353.6984,288.5755,350.7679,333.391,274.8187,357.3285,342.6497,354.516,4.321957,341.9781,354.5063,4.235653,339.5585,358.5518,2.94839,342.8917,7.322617,3.913611,343.016,7.330057,3.504333,329.3193,1.199756,2.683952,344.1895,1.068545
359.0227,342.7157,1.39728,0.3837408,344.2088,1.273788,1.026421,340.806,82.19774,349.6959,354.2103,88.39732,11.42537,353.7529,288.5782,350.7724,333.4425,274.8051,357.3408,342.6747,354.5073,4.312182,342.0041,354.4976,4.225072,339.5845,358.5575,2.940242,342.9158,7.319977,3.907859,343.0403,7.327417,3.499211,329.3348,1.197684,2.701238,344.2299,1.073109
359.0296,342.7391,1.396676,0.3894996,344.2477,1.274128,1.02693,340.8447,82.1834,349.6461,354.2964,88.32681,11.42389,353.8063,288.5816,350.7702,333.4821,274.8003,357.3671,342.8776,354.493,4.315103,342.2074,354.4831,4.217568,339.6118,358.5621,2.932043,342.9384,7.318111,3.901254,343.0632,7.325546,3.494786,329.3492,1.196608,2.718748,344.269,1.07767
359.0296,342.7391,1.396676,0.3894996,344.2477,1.274128,1.02693,340.8447,82.1834,349.6461,354.2964,88.32681,11.42389,353.8063,288.5816,350.7702,333.4821,274.8003,357.3671,342.8776,354.493,4.315103,342.2074,354.4831,4.217568,339.6118,358.5621,2.932043,342.9384,7.318111,3.901254,343.0632,7.325546,3.494786,329.3492,1.196608,2.718748,344.269,1.07767
359.0356,342.7612,1.396144,0.3952427,344.284,1.27441,1.021484,340.8875,82.17087,349.6009,354.3764,88.26866,11.42325,353.8571,288.5857,350.7664,333.5168,274.7969,357.3573,342.7203,354.4969,4.299166,342.0512,354.4872,4.21207,339.6385,358.566,2.924648,342.96,7.316438,3.893863,343.0847,7.323854,3.490484,329.3619,1.195852,2.735088,344.3054,1.081927
359.0411,342.7827,1.39594,0.4010262,344.3198,1.27484,1.01419,340.9318,82.15826,349.5605,354.4518,88.21984,11.42271,353.9072,288.5904,350.7588,333.5455,274.7972,357.3852,342.9204,354.4842,4.30195,342.2522,354.4743,4.204615,339.6649,358.5705,2.917112,342.9809,7.31455,3.889504,343.106,7.321978,3.487024,329.3743,1.1942,2.751642,344.3414,1.086169
359.0411,342.7827,1.39594,0.4010262,344.3198,1.27484,1.01419,340.9318,82.15826,349.5605,354.4518,88.21984,11.42271,353.9072,288.5904,350.7588,333.5455,274.7972,357.3852,342.9204,354.4842,4.30195,342.2522,354.4743,4.204615,339.6649,358.5705,2.917112,342.9809,7.31455,3.889504,343.106,7.321978,3.487024,329.3743,1.1942,2.751642,344.3414,1.086169
359.0454,342.8038,1.39599,0.4067288,344.3586,1.27522,1.003743,340.9824,82.14375,349.5341,354.5168,88.17969,11.42063,353.9592,288.5968,350.7513,333.5773,274.7977,357.3753,342.7631,354.4893,4.288008,342.0959,354.4797,4.200697,339.6867,358.5736,2.909751,343.0014,7.31333,3.884516,343.1268,7.320761,3.484179,329.3873,1.193438,2.767852,344.3804,1.090251
359.0495,342.8241,1.396249,0.4126987,344.3964,1.27627,0.9882775,341.0391,82.13432,349.51,354.5797,88.15145,11.41808,354.0093,288.6033,350.7442,333.6083,274.7989,357.3799,342.7834,354.487,4.286206,342.1165,354.4773,4.198939,339.7059,358.5758,2.902723,343.0212,7.312016,3.88222,343.1472,7.319471,3.482337,329.4041,1.192383,2.78392,344.4185,1.096423
359.0495,342.8241,1.396249,0.4126987,344.3964,1.27627,0.9882775,341.0391,82.13432,349.51,354.5797,88.15145,11.41808,354.0093,288.6033,350.7442,333.6083,274.7989,357.3799,342.7834,354.487,4.286206,342.1165,354.4773,4.198939,339.7059,358.5758,2.902723,343.0212,7.312016,3.88222,343.1472,7.319471,3.482337,329.4041,1.192383,2.78392,344.4185,1.096423
359.0527,342.8439,1.396604,0.4184191,344.4302,1.277213,0.9665416,341.0998,82.13039,349.4858,354.6393,88.13319,11.4168,354.0554,288.6082,350.7377,333.6353,274.8008,357.3839,342.8032,354.4854,4.284945,342.1367,354.4757,4.197765,339.7253,358.5778,2.895274,343.0405,7.309939,3.879482,343.167,7.317418,3.480969,329.4225,1.190894,2.798724,344.4525,1.101723
359.0555,342.8619,1.3973,0.4243565,344.4674,1.278123,0.9484903,341.1605,82.1267,349.4635,354.7013,88.12125,11.41401,354.1042,288.6148,350.7304,333.6653,274.8024,357.3873,342.8212,354.4844,4.283872,342.155,354.4747,4.197256,339.7458,358.5796,2.888472,343.0579,7.307457,3.877368,343.185,7.314957,3.479619,329.4391,1.188862,2.81282,344.4899,1.107017
359.0555,342.8619,1.3973,0.4243565,344.4674,1.278123,0.9484903,341.1605,82.1267,349.4635,354.7013,88.12125,11.41401,354.1042,288.6148,350.7304,333.6653,274.8024,357.3873,342.8212,354.4844,4.283872,342.155,354.4747,4.197256,339.7458,358.5796,2.888472,343.0579,7.307457,3.877368,343.185,7.314957,3.479619,329.4391,1.188862,2.81282,344.4899,1.107017
359.0555,342.8619,1.3973,0.4243565,344.4674,1.278123,0.9484903,341.1605,82.1267,349.4635,354.7013,88.12125,11.41401,354.1042,288.6148,350.7304,333.6653,274.8024,357.3873,342.8212,354.4844,4.283872,342.155,354.4747,4.197256,339.7458,358.5796,2.888472,343.0579,7.307457,3.877368,343.185,7.314957,3.479619,329.4391,1.188862,2.81282,344.4899,1.107017
359.058,342.8775,1.39835,0.4309731,344.4991,1.278751,0.9256461,341.2216,82.12744,349.4489,354.7498,88.11589,11.41225,354.1465,288.6217,350.7247,333.6914,274.8035,357.4069,343.0141,354.4769,4.294481,342.3478,354.467,4.198533,339.7659,358.5806,2.882912,343.073,7.304369,3.874148,343.2004,7.311875,3.478376,329.4529,1.186478,2.826546,344.5217,1.111727
359.06,342.8923,1.400177,0.4381262,344.5281,1.279275,0.9005855,341.2836,82.13259,349.442,354.7875,88.11121,11.41043,354.1849,288.6282,350.7177,333.713,274.8055,357.3913,342.8514,354.4852,4.285501,342.1856,354.4755,4.200457,339.7843,358.5813,2.877171,343.0873,7.300179,3.87384,343.2153,7.307714,3.477313,329.4638,1.182118,2.83929,344.5509,1.11614
359.06,342.8923,1.400177,0.4381262,344.5281,1.279275,0.9005855,341.2836,82.13259,349.442,354.7875,88.11121,11.41043,354.1849,288.6282,350.7177,333.713,274.8055,357.3913,342.8514,354.4852,4.285501,342.1856,354.4755,4.200457,339.7843,358.5813,2.877171,343.0873,7.300179,3.87384,343.2153,7.307714,3.477313,329.4638,1.182118,2.83929,344.5509,1.11614
359.0619,342.907,1.402171,0.445618,344.5556,1.279579,0.8758991,341.3436,82.13837,349.4366,354.8222,88.10899,11.40924,354.2218,288.6356,350.7101,333.7323,274.8081,357.3929,342.8661,354.4851,4.286875,342.2003,354.4753,4.202376,339.8035,358.582,2.871562,343.1016,7.295599,3.872096,343.23,7.303152,3.477057,329.4754,1.177786,2.851007,344.5785,1.120031
359.0634,342.9193,1.404361,0.4532155,344.5863,1.279809,0.8576511,341.3996,82.1426,349.424,354.868,88.1088,11.40647,354.261,288.6445,350.7016,333.754,274.8105,357.3947,342.8783,354.4858,4.287347,342.2126,354.476,4.204164,339.82,358.5826,2.867422,343.1135,7.290511,3.869505,343.2419,7.29806,3.47685,329.4859,1.173303,2.861885,344.6093,1.124121
359.0634,342.9193,1.404361,0.4532155,344.5863,1.279809,0.8576511,341.3996,82.1426,349.424,354.868,88.1088,11.40647,354.261,288.6445,350.7016,333.754,274.8105,357.3947,342.8783,354.4858,4.287347,342.2126,354.476,4.204164,339.82,358.5826,2.867422,343.1135,7.290511,3.869505,343.2419,7.29806,3.47685,329.4859,1.173303,2.861885,344.6093,1.124121
359.0646,342.9346,1.407556,0.4611475,344.6146,1.28017,0.8404098,341.452,82.1468,349.4109,354.912,88.10944,11.40388,354.2971,288.653,350.6939,333.7745,274.812,357.3992,342.8936,354.4848,4.287842,342.2282,354.475,4.205394,339.8395,358.5836,2.862484,343.1284,7.28514,3.869945,343.2574,7.29272,3.477079,329.5063,1.168472,2.871695,344.6378,1.128231
359.0651,342.9542,1.411125,0.4703331,344.6405,1.2801,0.8240805,341.5002,82.15036,349.3986,354.9524,88.10851,11.40167,354.3302,288.6617,350.6858,333.7913,274.8154,357.4069,342.9133,354.4809,4.287865,342.2482,354.4711,4.206637,339.8628,358.5849,2.85755,343.1476,7.280317,3.871118,343.2773,7.287934,3.47798,329.5319,1.164087,2.881788,344.6637,1.13169
359.0651,342.9542,1.411125,0.4703331,344.6405,1.2801,0.8240805,341.5002,82.15036,349.3986,354.9524,88.10851,11.40167,354.3302,288.6617,350.6858,333.7913,274.8154,357.4069,342.9133,354.4809,4.287865,342.2482,354.4711,4.206637,339.8628,358.5849,2.85755,343.1476,7.280317,3.871118,343.2773,7.287934,3.47798,329.5319,1.164087,2.881788,344.6637,1.13169
359.066,342.9727,1.413842,0.4838865,344.6566,1.277702,0.7992085,341.5478,82.15717,349.3929,354.9753,88.10804,11.40393,354.356,288.6639,350.674,333.792,274.8236,357.4148,342.9319,354.4765,4.288108,342.267,354.4666,4.207955,339.8845,358.5862,2.853135,343.1656,7.275294,3.869749,343.2957,7.282921,3.479196,329.5613,1.16058,2.894892,344.6798,1.1323
359.0663,342.9926,1.418597,0.4977751,344.6799,1.276078,0.7813244,341.5949,82.16116,349.3893,355.0035,88.10458,11.4034,354.3882,288.6689,350.659,333.7975,274.8311,357.4409,343.128,354.4633,4.298419,342.463,354.4532,4.210097,339.9088,358.5872,2.849768,343.1852,7.266798,3.868673,343.3154,7.274428,3.480335,329.585,1.152945,2.907243,344.7031,1.133821
359.0663,342.9926,1.418597,0.4977751,344.6799,1.276078,0.7813244,341.5949,82.16116,349.3893,355.0035,88.10458,11.4034,354.3882,288.6689,350.659,333.7975,274.8311,357.4409,343.128,354.4633,4.298419,342.463,354.4532,4.210097,339.9088,358.5872,2.849768,343.1852,7.266798,3.868673,343.3154,7.274428,3.480335,329.585,1.152945,2.907243,344.7031,1.133821
359.0662,343.0165,1.423555,0.5107042,344.7628,1.275172,0.8308073,341.6277,82.13919,349.3923,355.0876,88.09113,11.38279,354.476,288.6893,350.6394,333.8672,274.8202,357.4366,342.976,354.4631,4.289142,342.3114,354.4531,4.211737,339.9363,358.5888,2.846659,343.2087,7.257639,3.870861,343.3394,7.2653,3.481802,329.6112,1.143759,2.917477,344.7861,1.138492
359.066,343.0374,1.429106,0.5226499,344.8929,1.275253,0.9370096,341.6463,82.09943,349.3921,355.2247,88.06967,11.34569,354.6076,288.7193,350.6182,333.9881,274.7991,357.4654,343.172,354.4485,4.299669,342.5074,354.4383,4.214239,339.9664,358.59,2.845342,343.2292,7.245944,3.868819,343.3596,7.253581,3.482646,329.6328,1.132968,2.925573,344.9163,1.146198
359.066,343.0374,1.429106,0.5226499,344.8929,1.275253,0.9370096,341.6463,82.09943,349.3921,355.2247,88.06967,11.34569,354.6076,288.7193,350.6182,333.9881,274.7991,357.4654,343.172,354.4485,4.299669,342.5074,354.4383,4.214239,339.9664,358.59,2.845342,343.2292,7.245944,3.868819,343.3596,7.253581,3.482646,329.6328,1.132968,2.925573,344.9163,1.146198
359.066,343.0374,1.429106,0.5226499,344.8929,1.275253,0.9370096,341.6463,82.09943,349.3921,355.2247,88.06967,11.34569,354.6076,288.7193,350.6182,333.9881,274.7991,357.4654,343.172,354.4485,4.299669,342.5074,354.4383,4.214239,339.9664,358.59,2.845342,343.2292,7.245944,3.868819,343.3596,7.253581,3.482646,329.6328,1.132968,2.925573,344.9163,1.146198
359.0656,343.0639,1.435095,0.5361385,344.9966,1.275599,1.018125,341.666,82.07095,349.3922,355.3339,88.05379,11.31597,354.7116,288.7488,350.5995,334.0853,274.7761,357.4641,343.0237,354.4471,4.291321,342.3596,354.4369,4.217437,340.0031,358.5915,2.844925,343.2554,7.232902,3.869183,343.3857,7.240529,3.483449,329.6609,1.120373,2.933597,345.0202,1.153211
359.0658,343.0877,1.441431,0.5515041,345.0715,1.276183,1.072477,341.6859,82.05424,349.3916,355.4137,88.04569,11.29455,354.7864,288.775,350.5866,334.1588,274.7529,357.4796,343.0478,354.4369,4.292154,342.3839,354.4267,4.220566,340.0393,358.5929,2.846047,343.279,7.218308,3.86808,343.4088,7.225905,3.483332,329.6901,1.106986,2.943438,345.0952,1.159071
359.0662,343.1078,1.448765,0.566613,345.1351,1.277384,1.119846,341.7012,82.03905,349.3911,355.4814,88.03989,11.27752,354.8513,288.7995,350.573,334.2189,274.7325,357.494,343.0681,354.4271,4.293969,342.4042,354.4167,4.22428,340.077,358.5941,2.848017,343.2989,7.201516,3.86858,343.4282,7.209087,3.48405,329.7129,1.090832,2.953473,345.1589,1.165029
359.0662,343.1078,1.448765,0.566613,345.1351,1.277384,1.119846,341.7012,82.03905,349.3911,355.4814,88.03989,11.27752,354.8513,288.7995,350.573,334.2189,274.7325,357.494,343.0681,354.4271,4.293969,342.4042,354.4167,4.22428,340.077,358.5941,2.848017,343.2989,7.201516,3.86858,343.4282,7.209087,3.48405,329.7129,1.090832,2.953473,345.1589,1.165029
359.0651,343.1276,1.455885,0.5802583,345.1855,1.279139,1.157313,341.7133,82.02767,349.3887,355.5373,88.03712,11.26169,354.8987,288.824,350.555,334.259,274.7165,357.5278,343.2601,354.4109,4.304132,342.5967,354.4003,4.227067,340.1167,358.5956,2.852284,343.3186,7.184916,3.867586,343.4468,7.192434,3.484967,329.7354,1.075222,2.961027,345.2093,1.170829
359.0648,343.1475,1.461694,0.5946692,345.2239,1.28012,1.185893,341.7224,82.01794,349.386,355.5809,88.03625,11.24914,354.934,288.8463,350.5341,334.2827,274.7041,357.5462,343.2795,354.4006,4.302653,342.6168,354.3899,4.227946,340.1553,358.5977,2.856481,343.3384,7.168977,3.867255,343.4659,7.176448,3.486541,329.7567,1.059963,2.96987,345.2477,1.174982
359.0648,343.1475,1.461694,0.5946692,345.2239,1.28012,1.185893,341.7224,82.01794,349.386,355.5809,88.03625,11.24914,354.934,288.8463,350.5341,334.2827,274.7041,357.5462,343.2795,354.4006,4.302653,342.6168,354.3899,4.227946,340.1553,358.5977,2.856481,343.3384,7.168977,3.867255,343.4659,7.176448,3.486541,329.7567,1.059963,2.96987,345.2477,1.174982
359.0648,343.1475,1.461694,0.5946692,345.2239,1.28012,1.185893,341.7224,82.01794,349.386,355.5809,88.03625,11.24914,354.934,288.8463,350.5341,334.2827,274.7041,357.5462,343.2795,354.4006,4.302653,342.6168,354.3899,4.227946,340.1553,358.5977,2.856481,343.3384,7.168977,3.867255,343.4659,7.176448,3.486541,329.7567,1.059963,2.96987,345.2477,1.174982
359.0644,343.1676,1.467725,0.6083178,345.2774,1.282042,1.238018,341.7196,81.99847,349.3842,355.6395,88.03247,11.23115,354.9837,288.8642,350.5143,334.3252,274.6858,357.5652,343.2989,354.3892,4.302742,342.6366,354.3784,4.229772,340.1915,358.5994,2.861587,343.3584,7.152742,3.867813,343.485,7.160171,3.488458,329.7777,1.044174,2.977444,345.3013,1.18054
359.0656,343.1843,1.47225,0.6253188,345.3048,1.282342,1.266025,341.717,81.99032,349.3833,355.6693,88.032,11.2211,355.008,288.8699,350.4956,334.3412,274.6696,357.5831,343.315,354.3786,4.303169,342.6532,354.3677,4.231624,340.2233,358.6008,2.865853,343.3751,7.13781,3.871346,343.5013,7.145226,3.491922,329.7957,1.028963,2.989516,345.3286,1.182891
359.0656,343.1843,1.47225,0.6253188,345.3048,1.282342,1.266025,341.717,81.99032,349.3833,355.6693,88.032,11.2211,355.008,288.8699,350.4956,334.3412,274.6696,357.5831,343.315,354.3786,4.303169,342.6532,354.3677,4.231624,340.2233,358.6008,2.865853,343.3751,7.13781,3.871346,343.5013,7.145226,3.491922,329.7957,1.028963,2.989516,345.3286,1.182891
359.0676,343.198,1.475498,0.6426996,345.3157,1.281814,1.278373,341.7148,81.98753,349.3821,355.6823,88.03553,11.21423,355.0135,288.8729,350.4825,334.3463,274.6529,357.5998,343.328,354.3698,4.30397,342.6667,354.3588,4.233946,340.2526,358.6018,2.869768,343.3887,7.12456,3.873755,343.5145,7.131958,3.496014,329.8098,1.015566,3.002892,345.3395,1.182913
359.0696,343.2108,1.479012,0.6590453,345.3164,1.282068,1.283732,341.7095,81.98746,349.3805,355.6849,88.0408,11.21073,355.0092,288.8736,350.4702,334.3411,274.6379,357.6167,343.3402,354.3599,4.304887,342.6794,354.3488,4.236511,340.2798,358.6026,2.874193,343.4015,7.110991,3.877442,343.5269,7.118377,3.500422,329.8233,1.001589,3.014575,345.3402,1.183141
359.0696,343.2108,1.479012,0.6590453,345.3164,1.282068,1.283732,341.7095,81.98746,349.3805,355.6849,88.0408,11.21073,355.0092,288.8736,350.4702,334.3411,274.6379,357.6167,343.3402,354.3599,4.304887,342.6794,354.3488,4.236511,340.2798,358.6026,2.874193,343.4015,7.110991,3.877442,343.5269,7.118377,3.500422,329.8233,1.001589,3.014575,345.3402,1.183141
359.073,343.2171,1.481675,0.6751704,345.3139,1.28261,1.287574,341.7025,81.98837,349.3817,355.6812,88.04575,11.20823,355.0023,288.8672,350.4536,334.3271,274.6256,357.6158,343.1794,354.3572,4.297767,342.5189,354.3462,4.240514,340.3005,358.6023,2.881494,343.4078,7.09464,3.882472,343.5327,7.102006,3.50598,329.8312,0.9846715,3.025438,345.3377,1.183494
359.073,343.2171,1.481675,0.6751704,345.3139,1.28261,1.287574,341.7025,81.98837,349.3817,355.6812,88.04575,11.20823,355.0023,288.8672,350.4536,334.3271,274.6256,357.6158,343.1794,354.3572,4.297767,342.5189,354.3462,4.240514,340.3005,358.6023,2.881494,343.4078,7.09464,3.882472,343.5327,7.102006,3.50598,329.8312,0.9846715,3.025438,345.3377,1.183494
359.0774,343.2232,1.483293,0.691794,345.3051,1.282764,1.283532,341.6982,81.99335,349.3825,355.6713,88.05267,11.20589,354.9868,288.8589,350.4397,334.3087,274.6147,357.6442,343.3515,354.3447,4.312772,342.6908,354.3334,4.247752,340.3199,358.601,2.888663,343.4138,7.078987,3.890445,343.5385,7.086359,3.511864,329.8427,0.9681071,3.037083,345.3287,1.182885
359.0839,343.2249,1.483029,0.7107617,345.2924,1.2819,1.27566,341.6956,82.00409,349.3829,355.6578,88.06406,11.19824,354.958,288.8495,350.405,334.257,274.6237,357.659,343.3526,354.3379,4.317384,342.692,354.3265,4.25401,340.3385,358.5998,2.89704,343.4156,7.064892,3.898853,343.5401,7.072268,3.519455,329.8566,0.9535912,3.050328,345.3158,1.181064
359.0898,343.2259,1.482654,0.7274079,345.2746,1.281429,1.264422,341.6919,82.01776,349.3837,355.6389,88.07635,11.19033,354.922,288.8396,350.3584,334.1844,274.6418,357.6743,343.3528,354.3314,4.322825,342.6925,354.3199,4.261159,340.3526,358.5981,2.905038,343.4167,7.052924,3.906876,343.541,7.060305,3.528153,329.8668,0.9409474,3.061258,345.298,1.179309
359.0898,343.2259,1.482654,0.7274079,345.2746,1.281429,1.264422,341.6919,82.01776,349.3837,355.6389,88.07635,11.19033,354.922,288.8396,350.3584,334.1844,274.6418,357.6743,343.3528,354.3314,4.322825,342.6925,354.3199,4.261159,340.3526,358.5981,2.905038,343.4167,7.052924,3.906876,343.541,7.060305,3.528153,329.8668,0.9409474,3.061258,345.298,1.179309
359.0898,343.2259,1.482654,0.7274079,345.2746,1.281429,1.264422,341.6919,82.01776,349.3837,355.6389,88.07635,11.19033,354.922,288.8396,350.3584,334.1844,274.6418,357.6743,343.3528,354.3314,4.322825,342.6925,354.3199,4.261159,340.3526,358.5981,2.905038,343.4167,7.052924,3.906876,343.541,7.060305,3.528153,329.8668,0.9409474,3.061258,345.298,1.179309
359.0933,343.2202,1.481339,0.7405234,345.253,1.280951,1.251738,341.686,82.0332,349.3858,355.6145,88.0893,11.17667,354.8734,288.8163,350.3148,334.1091,274.6635,357.688,343.3464,354.3289,4.33316,342.6861,354.3173,4.273257,340.3614,358.5942,2.917156,343.4114,7.041119,3.91902,343.5354,7.048514,3.538933,329.8789,0.928299,3.069678,345.2763,1.176918
359.0958,343.2161,1.479341,0.751618,345.2256,1.280259,1.237337,341.6758,82.04979,349.3902,355.5815,88.10237,11.16159,354.8148,288.7897,350.2646,334.0197,274.6894,357.7011,343.3416,354.33,4.345825,342.6815,354.3181,4.287791,340.3712,358.5896,2.918336,343.4073,7.039723,3.941522,343.534,7.047301,3.559735,329.8958,0.9235809,3.075686,345.2487,1.174174
359.0958,343.2161,1.479341,0.751618,345.2256,1.280259,1.237337,341.6758,82.04979,349.3902,355.5815,88.10237,11.16159,354.8148,288.7897,350.2646,334.0197,274.6894,357.7011,343.3416,354.33,4.345825,342.6815,354.3181,4.287791,340.3712,358.5896,2.918336,343.4073,7.039723,3.941522,343.534,7.047301,3.559735,329.8958,0.9235809,3.075686,345.2487,1.174174
359.0983,343.2014,1.477894,0.7609827,345.1937,1.280365,1.220971,341.6633,82.06803,349.3965,355.5419,88.11678,11.14722,354.751,288.7625,350.2233,333.934,274.7164,357.7094,343.3264,354.3349,4.362113,342.666,354.3229,4.306222,340.3738,358.583,2.921344,343.3927,7.036583,3.966896,343.522,7.044354,3.583009,329.9016,0.9164618,3.080286,345.2167,1.172065
359.1021,343.1879,1.475801,0.771486,345.1592,1.28004,1.204757,341.6482,82.08807,349.4025,355.5001,88.13411,11.13272,354.6834,288.7348,350.1641,333.8141,274.7742,357.7043,343.1519,354.3468,4.367198,342.4919,354.3349,4.32317,340.3776,358.5771,2.926422,343.3793,7.0304,3.990986,343.5109,7.038339,3.603712,329.9046,0.9063248,3.085793,345.1821,1.16947
359.1021,343.1879,1.475801,0.771486,345.1592,1.28004,1.204757,341.6482,82.08807,349.4025,355.5001,88.13411,11.13272,354.6834,288.7348,350.1641,333.8141,274.7742,357.7043,343.1519,354.3468,4.367198,342.4919,354.3349,4.32317,340.3776,358.5771,2.926422,343.3793,7.0304,3.990986,343.5109,7.038339,3.603712,329.9046,0.9063248,3.085793,345.1821,1.16947
359.1094,343.1643,1.472653,0.7853378,345.1239,1.279007,1.187257,341.6346,82.11146,349.4081,355.458,88.15324,11.10862,354.6014,288.7028,350.1075,333.6918,274.841,357.7288,343.2879,354.3473,4.391656,342.6279,354.3351,4.340655,340.3735,358.5701,2.936224,343.3559,7.023096,4.011612,343.4887,7.031143,3.623925,329.8935,0.8955588,3.095597,345.1466,1.165896
359.1163,343.1154,1.468557,0.7969312,345.0825,1.277104,1.17012,341.6141,82.13602,349.4134,355.4099,88.17351,11.079,354.5024,288.6769,350.0799,333.6036,274.8823,357.733,343.2385,354.3598,4.407327,342.5789,354.3474,4.359106,340.3463,358.5609,2.955388,343.3081,7.0186,4.040068,343.4419,7.026768,3.647178,329.8554,0.8854979,3.103234,345.1051,1.161367
359.1163,343.1154,1.468557,0.7969312,345.0825,1.277104,1.17012,341.6141,82.13602,349.4134,355.4099,88.17351,11.079,354.5024,288.6769,350.0799,333.6036,274.8823,357.733,343.2385,354.3598,4.407327,342.5789,354.3474,4.359106,340.3463,358.5609,2.955388,343.3081,7.0186,4.040068,343.4419,7.026768,3.647178,329.8554,0.8854979,3.103234,345.1051,1.161367
359.1234,343.0679,1.464288,0.8095238,345.0347,1.27448,1.150304,341.5894,82.16081,349.4182,355.3557,88.19669,11.04723,354.3913,288.6512,350.0671,333.5275,274.9146,357.7314,343.1905,354.3755,4.426043,342.5307,354.3631,4.380964,340.3188,358.5504,2.974009,343.2614,7.014072,4.066489,343.3961,7.022346,3.668746,329.8202,0.8760628,3.112435,345.0571,1.155872
359.1234,343.0679,1.464288,0.8095238,345.0347,1.27448,1.150304,341.5894,82.16081,349.4182,355.3557,88.19669,11.04723,354.3913,288.6512,350.0671,333.5275,274.9146,357.7314,343.1905,354.3755,4.426043,342.5307,354.3631,4.380964,340.3188,358.5504,2.974009,343.2614,7.014072,4.066489,343.3961,7.022346,3.668746,329.8202,0.8760628,3.112435,345.0571,1.155872
359.1301,343.0272,1.460423,0.8206169,344.9874,1.272623,1.130257,341.5656,82.18592,349.4235,355.3015,88.21992,11.01004,354.2733,288.6245,350.0611,333.4586,274.9472,357.7315,343.1494,354.3907,4.44426,342.4897,354.3782,4.401902,340.2946,358.5407,2.982992,343.2212,7.014708,4.099208,343.3589,7.023213,3.697237,329.799,0.8708463,3.120656,345.0097,1.151062
359.1385,342.9697,1.455466,0.83197,344.9428,1.26917,1.111125,341.5443,82.21221,349.4333,355.2452,88.239,10.97019,354.1554,288.6013,350.0581,333.3922,274.9871,357.7296,343.0915,354.4076,4.458888,342.4321,354.395,4.41972,340.253,358.5306,3.00239,343.1646,7.012434,4.127555,343.3034,7.021062,3.721557,329.7479,0.862568,3.128754,344.9649,1.1446
359.1385,342.9697,1.455466,0.83197,344.9428,1.26917,1.111125,341.5443,82.21221,349.4333,355.2452,88.239,10.97019,354.1554,288.6013,350.0581,333.3922,274.9871,357.7296,343.0915,354.4076,4.458888,342.4321,354.395,4.41972,340.253,358.5306,3.00239,343.1646,7.012434,4.127555,343.3034,7.021062,3.721557,329.7479,0.862568,3.128754,344.9649,1.1446
359.1466,342.9134,1.450645,0.8421142,344.8997,1.26579,1.09184,341.5251,82.23914,349.4436,355.1902,88.25711,10.93035,354.0394,288.5815,350.0636,333.3406,275.016,357.7276,343.0348,354.4238,4.47188,342.3759,354.4111,4.435897,340.2124,358.521,3.014461,343.1089,7.010811,4.162021,343.2503,7.019665,3.75041,329.6969,0.8533828,3.136029,344.9216,1.138237
359.1466,342.9134,1.450645,0.8421142,344.8997,1.26579,1.09184,341.5251,82.23914,349.4436,355.1902,88.25711,10.93035,354.0394,288.5815,350.0636,333.3406,275.016,357.7276,343.0348,354.4238,4.47188,342.3759,354.4111,4.435897,340.2124,358.521,3.014461,343.1089,7.010811,4.162021,343.2503,7.019665,3.75041,329.6969,0.8533828,3.136029,344.9216,1.138237
359.1558,342.8376,1.445743,0.85162,344.8593,1.262157,1.073197,341.5093,82.26923,349.4589,355.1322,88.27053,10.88463,353.9184,288.5669,350.0884,333.3222,275.0203,357.7232,342.9588,354.4408,4.484277,342.3002,354.4281,4.451033,340.1584,358.5103,3.037559,343.0342,7.006452,4.192496,343.1765,7.015426,3.775193,329.6144,0.8412966,3.142603,344.881,1.131786
359.1649,342.7519,1.441106,0.8595583,344.8208,1.258943,1.054454,341.4958,82.29959,349.4732,355.0775,88.28619,10.8439,353.8072,288.5532,350.1225,333.315,275.0247,357.7188,342.8729,354.4563,4.494349,342.2148,354.4436,4.46398,340.1039,358.4999,3.062263,342.9498,7.002135,4.227181,343.0933,7.011256,3.804212,329.5262,0.8286636,3.147373,344.8423,1.126108
359.1649,342.7519,1.441106,0.8595583,344.8208,1.258943,1.054454,341.4958,82.29959,349.4732,355.0775,88.28619,10.8439,353.8072,288.5532,350.1225,333.315,275.0247,357.7188,342.8729,354.4563,4.494349,342.2148,354.4436,4.46398,340.1039,358.4999,3.062263,342.9498,7.002135,4.227181,343.0933,7.011256,3.804212,329.5262,0.8286636,3.147373,344.8423,1.126108
359.1756,342.6679,1.435421,0.8691777,344.7854,1.254541,1.034593,341.4885,82.33443,349.4977,355.0152,88.2973,10.80781,353.7069,288.54,350.1588,333.309,275.0381,357.7056,342.789,354.4718,4.511718,342.1298,354.459,4.484039,340.0541,358.4873,3.08423,342.8669,6.999686,4.264933,343.0123,7.009003,3.835777,329.441,0.8172554,3.153534,344.8067,1.119377
359.1874,342.5862,1.428923,0.8795527,344.7461,1.249127,1.011921,341.4822,82.37659,349.5291,354.9413,88.30724,10.77765,353.6091,288.5299,350.2013,333.3099,275.041,357.6917,342.7075,354.4873,4.530581,342.047,354.4745,4.505649,340.0024,358.4742,3.103682,342.7862,6.998897,4.305745,342.9342,7.008459,3.868552,329.3627,0.8071933,3.161133,344.7672,1.111144
359.1874,342.5862,1.428923,0.8795527,344.7461,1.249127,1.011921,341.4822,82.37659,349.5291,354.9413,88.30724,10.77765,353.6091,288.5299,350.2013,333.3099,275.041,357.6917,342.7075,354.4873,4.530581,342.047,354.4745,4.505649,340.0024,358.4742,3.103682,342.7862,6.998897,4.305745,342.9342,7.008459,3.868552,329.3627,0.8071933,3.161133,344.7672,1.111144
359.1987,342.5126,1.422225,0.8890359,344.7054,1.243318,0.989292,341.4757,82.42281,349.5664,354.86,88.31738,10.7593,353.5268,288.5143,350.2447,333.3093,275.0463,357.6758,342.6342,354.5028,4.550909,341.972,354.4899,4.529125,339.9585,358.461,3.117537,342.7133,6.999987,4.344986,342.8644,7.009824,3.902815,329.2926,0.7993299,3.168028,344.7263,1.102459
359.2077,342.4254,1.415256,0.895952,344.6605,1.236889,0.9639183,341.4698,82.47681,349.6114,354.766,88.32527,10.75402,353.4573,288.4941,350.2891,333.3047,275.053,357.6624,342.5471,354.5179,4.571091,341.8836,354.505,4.552179,339.9004,358.4467,3.14037,342.6273,7.000523,4.38652,342.7808,7.010596,3.937255,329.2077,0.7902685,3.172503,344.6811,1.09288
359.2077,342.4254,1.415256,0.895952,344.6605,1.236889,0.9639183,341.4698,82.47681,349.6114,354.766,88.32527,10.75402,353.4573,288.4941,350.2891,333.3047,275.053,357.6624,342.5471,354.5179,4.571091,341.8836,354.505,4.552179,339.9004,358.4467,3.14037,342.6273,7.000523,4.38652,342.7808,7.010596,3.937255,329.2077,0.7902685,3.172503,344.6811,1.09288
359.2147,342.3528,1.408578,0.9009663,344.6198,1.230837,0.9417316,341.4644,82.52774,349.6469,354.6886,88.35625,10.75184,353.3989,288.4697,350.3291,333.2995,275.0612,357.6589,342.4743,354.527,4.585892,341.8101,354.5139,4.56949,339.8538,358.4355,3.153952,342.5555,7.007333,4.428833,342.7127,7.017726,3.973019,329.1438,0.7877775,3.175376,344.6402,1.083841
359.2112,342.2674,1.402712,0.9001786,344.5842,1.225606,0.9221802,341.4605,82.57442,349.6777,354.6221,88.3929,10.749,353.3472,288.443,350.3654,333.2934,275.0744,357.6654,342.3885,354.5346,4.597625,341.7248,354.5215,4.583529,339.788,358.4239,3.179431,342.472,7.013691,4.46753,342.6309,7.024289,4.006533,329.0589,0.7848262,3.174832,344.6044,1.075024
359.278,342.2151,1.265683,1.010288,344.5536,1.013247,1.100661,341.2738,82.70045,349.7823,354.4899,88.48151,10.70897,353.3347,287.7385,350.354,333.2377,275.1048,357.6578,342.3345,354.5517,4.638445,341.6682,354.5384,4.634778,339.6891,358.3994,3.148402,342.417,7.0483,4.554852,342.5914,7.060018,4.090911,329.0568,0.8031663,3.309991,344.568,0.8073732
359.3408,342.1727,1.136102,1.09995,344.5162,0.8377079,1.275488,341.0866,82.83202,349.8686,354.3659,88.5246,10.67351,353.2987,287.2108,350.3397,333.1747,275.1298,357.6532,342.2906,354.5643,4.684451,341.621,354.5506,4.693269,339.6278,358.3744,3.114571,342.3719,7.077179,4.644823,342.5624,7.090077,4.176961,329.0631,0.8152671,3.411304,344.5261,0.6025115
359.3408,342.1727,1.136102,1.09995,344.5162,0.8377079,1.275488,341.0866,82.83202,349.8686,354.3659,88.5246,10.67351,353.2987,287.2108,350.3397,333.1747,275.1298,357.6532,342.2906,354.5643,4.684451,341.621,354.5506,4.693269,339.6278,358.3744,3.114571,342.3719,7.077179,4.644823,342.5624,7.090077,4.176961,329.0631,0.8152671,3.411304,344.5261,0.6025115
359.395,342.1358,1.021133,1.167176,344.4695,0.7000289,1.415525,340.9179,82.93407,349.9413,354.2445,88.54988,10.64027,353.2368,286.8244,350.3223,333.1055,275.141,357.6534,342.2525,354.5709,4.726581,341.5797,354.5569,4.747672,339.5822,358.3516,3.088488,342.3328,7.098642,4.725731,342.5374,7.112583,4.255058,329.0671,0.8215569,3.480851,344.4762,0.4528919
359.4406,342.1037,0.9219514,1.218702,344.4194,0.5889635,1.522942,340.7767,83.02226,350.0005,354.1313,88.5527,10.61311,353.1651,286.5528,350.3008,333.0179,275.1757,357.649,342.2194,354.5832,4.764518,341.5441,354.569,4.797935,339.5556,358.3313,3.066358,342.2988,7.114057,4.796467,342.5155,7.128912,4.324145,329.0701,0.8237996,3.531363,344.4236,0.3365513
359.4792,342.0873,0.8390656,1.258052,344.3707,0.5071012,1.603487,340.6588,83.08835,350.0563,354.0225,88.55097,10.58757,353.0886,286.3575,350.282,332.9388,275.2001,357.6472,342.2024,354.5864,4.799636,341.524,354.5718,4.844795,339.5457,358.3138,3.046842,342.2809,7.125589,4.857014,342.508,7.141241,4.382962,329.0761,0.823306,3.567231,344.3731,0.2565263
359.5102,342.0746,0.7714667,1.284332,344.3256,0.4495228,1.663738,340.5629,83.14343,350.1012,353.9273,88.53833,10.55731,353.0023,286.2297,350.2712,332.8777,275.21,357.6494,342.1891,354.5843,4.834838,341.5073,354.5695,4.890959,339.5475,358.2971,3.033005,342.2668,7.125245,4.907595,342.502,7.14153,4.43413,329.0715,0.8120568,3.588724,344.3269,0.2043965
359.5102,342.0746,0.7714667,1.284332,344.3256,0.4495228,1.663738,340.5629,83.14343,350.1012,353.9273,88.53833,10.55731,353.0023,286.2297,350.2712,332.8777,275.21,357.6494,342.1891,354.5843,4.834838,341.5073,354.5695,4.890959,339.5475,358.2971,3.033005,342.2668,7.125245,4.907595,342.502,7.14153,4.43413,329.0715,0.8120568,3.588724,344.3269,0.2043965
359.5363,342.0648,0.7136701,1.306719,344.2848,0.3988777,1.704921,340.4876,83.18353,350.1382,353.8443,88.51881,10.52442,352.9107,286.1667,350.2625,332.8252,275.2159,357.653,342.1787,354.5807,4.864479,341.494,354.5656,4.929267,339.5448,358.2831,3.017857,342.2556,7.126968,4.95511,342.4987,7.143869,4.480856,329.0688,0.8034195,3.607393,344.2852,0.1571295
359.5571,342.0554,0.6679811,1.32238,344.2515,0.3627758,1.734204,340.43,83.21369,350.1711,353.7729,88.49657,10.48645,352.8179,286.14,350.2546,332.7856,275.2118,357.6548,342.1689,354.5797,4.892434,341.4815,354.5645,4.965868,339.554,358.2703,3.00351,342.2451,7.129226,4.997987,342.4955,7.146697,4.523342,329.08,0.7979087,3.619778,344.2513,0.1252181
359.5571,342.0554,0.6679811,1.32238,344.2515,0.3627758,1.734204,340.43,83.21369,350.1711,353.7729,88.49657,10.48645,352.8179,286.14,350.2546,332.7856,275.2118,357.6548,342.1689,354.5797,4.892434,341.4815,354.5645,4.965868,339.554,358.2703,3.00351,342.2451,7.129226,4.997987,342.4955,7.146697,4.523342,329.08,0.7979087,3.619778,344.2513,0.1252181
359.5754,342.0469,0.6300132,1.337408,344.229,0.3343157,1.762161,340.3851,83.24204,350.1991,353.7175,88.47018,10.44917,352.7382,286.1332,350.2426,332.7522,275.209,357.6578,342.1601,354.5786,4.911505,341.471,354.563,4.992867,339.5638,358.261,2.992868,342.2357,7.12796,5.033945,342.4918,7.145892,4.558753,329.0878,0.7901297,3.632847,344.2283,0.1009317
359.5916,342.0396,0.5988124,1.35112,344.2098,0.3117531,1.78447,340.3506,83.27283,350.2249,353.6669,88.43655,10.41255,352.6621,286.1383,350.2365,332.7317,275.1981,357.6662,342.1523,354.5757,4.922931,341.4626,354.5601,5.01066,339.5732,358.2549,2.98436,342.2277,7.128168,5.06322,342.4886,7.146481,4.587041,329.0955,0.7851984,3.644958,344.2087,0.08216592
359.5916,342.0396,0.5988124,1.35112,344.2098,0.3117531,1.78447,340.3506,83.27283,350.2249,353.6669,88.43655,10.41255,352.6621,286.1383,350.2365,332.7317,275.1981,357.6662,342.1523,354.5757,4.922931,341.4626,354.5601,5.01066,339.5732,358.2549,2.98436,342.2277,7.128168,5.06322,342.4886,7.146481,4.587041,329.0955,0.7851984,3.644958,344.2087,0.08216592
359.6063,342.0336,0.5725155,1.3638,344.1922,0.2936671,1.800129,340.3242,83.3012,350.2489,353.6194,88.3996,10.3793,352.5917,286.1519,350.2298,332.7121,275.1874,357.6772,342.1457,354.5679,4.930789,341.4553,354.5522,5.023632,339.5847,358.2506,2.978724,342.2211,7.126458,5.088864,342.4859,7.145089,4.613363,329.1056,0.7794152,3.656841,344.1909,0.06739133
359.6175,342.0187,0.5514452,1.372476,344.1905,0.2813186,1.827895,340.2996,83.32091,350.2721,353.5898,88.36518,10.34758,352.5445,286.1697,350.2244,332.7117,275.173,357.6885,342.1304,354.5585,4.936338,341.4393,354.5426,5.033336,339.5862,358.2466,2.979184,342.2059,7.118907,5.113329,342.4735,7.137788,4.636732,329.1044,0.7679659,3.66457,344.189,0.05882673
359.627,342.0004,0.5355029,1.379816,344.1865,0.2734297,1.848503,340.2789,83.33761,350.2935,353.5602,88.33638,10.32078,352.5003,286.1901,350.2234,332.7162,275.1522,357.6942,342.1118,354.5545,4.944074,341.42,354.5385,5.045559,339.587,358.2414,2.977334,342.1872,7.111932,5.137355,342.4578,7.131077,4.659603,329.1006,0.7572833,3.672131,344.1849,0.05396214
359.6347,341.9837,0.5229834,1.38584,344.1823,0.2679242,1.864111,340.2626,83.35188,350.3156,353.5296,88.30703,10.29588,352.4577,286.2154,350.2256,332.7256,275.1274,357.6975,342.0949,354.5543,4.95214,341.4025,354.5382,5.058509,339.5932,358.2364,2.975587,342.1702,7.105843,5.158352,342.4433,7.125218,4.680666,329.0968,0.7479767,3.677697,344.1807,0.05129267
359.6347,341.9837,0.5229834,1.38584,344.1823,0.2679242,1.864111,340.2626,83.35188,350.3156,353.5296,88.30703,10.29588,352.4577,286.2154,350.2256,332.7256,275.1274,357.6975,342.0949,354.5543,4.95214,341.4025,354.5382,5.058509,339.5932,358.2364,2.975587,342.1702,7.105843,5.158352,342.4433,7.125218,4.680666,329.0968,0.7479767,3.677697,344.1807,0.05129267
359.6422,341.9684,0.5114411,1.391609,344.1783,0.2631772,1.877651,340.2445,83.35415,350.3323,353.5052,88.2819,10.27505,352.4207,286.2408,350.2296,332.7375,275.1014,357.7017,342.0793,354.5499,4.958447,341.3863,354.5338,5.068738,339.5979,358.2323,2.975118,342.1546,7.099528,5.176898,342.4298,7.1191,4.698605,329.0919,0.7387653,3.683381,344.1767,0.04919179
359.6484,341.9609,0.5003829,1.39718,344.1741,0.2570423,1.887231,340.2308,83.35716,350.3491,353.4807,88.259,10.25565,352.3849,286.2699,350.2357,332.7519,275.0743,357.7096,342.0716,354.5443,4.963413,341.378,354.528,5.077059,339.6082,358.2295,2.974786,342.1469,7.093835,5.192985,342.424,7.113575,4.714267,329.0934,0.7305415,3.689347,344.1724,0.04449731
359.6484,341.9609,0.5003829,1.39718,344.1741,0.2570423,1.887231,340.2308,83.35716,350.3491,353.4807,88.259,10.25565,352.3849,286.2699,350.2357,332.7519,275.0743,357.7096,342.0716,354.5443,4.963413,341.378,354.528,5.077059,339.6082,358.2295,2.974786,342.1469,7.093835,5.192985,342.424,7.113575,4.714267,329.0934,0.7305415,3.689347,344.1724,0.04449731
359.6531,341.9576,0.4912677,1.401572,344.1693,0.2521645,1.892417,340.2197,83.35619,350.3629,353.4592,88.23995,10.23851,352.3511,286.3007,350.2434,332.7659,275.05,357.7215,342.0679,354.5357,4.965779,341.3741,354.5193,5.081866,339.6198,358.2283,2.974392,342.1434,7.089338,5.207159,342.4222,7.109229,4.727628,329.0956,0.7235247,3.693809,344.1675,0.0407615
359.6569,341.9586,0.4841436,1.404824,344.1637,0.2490553,1.895049,340.211,83.35669,350.3744,353.4393,88.22239,10.22544,352.3222,286.3268,350.2527,332.7796,275.028,357.7329,342.0684,354.528,4.968595,341.3745,354.5116,5.087389,339.6341,358.2271,2.974649,342.1442,7.084898,5.217769,342.4241,7.104895,4.739541,329.1001,0.7171675,3.697494,344.1619,0.03852306
359.6569,341.9586,0.4841436,1.404824,344.1637,0.2490553,1.895049,340.211,83.35669,350.3744,353.4393,88.22239,10.22544,352.3222,286.3268,350.2527,332.7796,275.028,357.7329,342.0684,354.528,4.968595,341.3745,354.5116,5.087389,339.6341,358.2271,2.974649,342.1442,7.084898,5.217769,342.4241,7.104895,4.739541,329.1001,0.7171675,3.697494,344.1619,0.03852306
359.6595,341.961,0.4784249,1.406618,344.157,0.2472644,1.89452,340.2038,83.35574,350.383,353.4216,88.20857,10.21479,352.2956,286.3485,350.2626,332.7918,275.0079,357.7457,342.0703,354.5192,4.971498,341.3762,354.5027,5.092496,339.6504,358.2262,2.976332,342.1465,7.079558,5.228737,342.4274,7.099653,4.750454,329.106,0.7098652,3.699412,344.1552,0.03757721
359.6629,341.965,0.4723011,1.409401,344.148,0.2447143,1.891705,340.1965,83.35461,350.3902,353.4032,88.19656,10.20608,352.2686,286.369,350.2764,332.8071,274.9845,357.7593,342.0738,354.5089,4.973582,341.3795,354.4923,5.095914,339.662,358.2258,2.975112,342.1504,7.076193,5.24186,342.4329,7.096437,4.764128,329.1144,0.7040613,3.702967,344.1461,0.03551579
359.6629,341.965,0.4723011,1.409401,344.148,0.2447143,1.891705,340.1965,83.35461,350.3902,353.4032,88.19656,10.20608,352.2686,286.369,350.2764,332.8071,274.9845,357.7593,342.0738,354.5089,4.973582,341.3795,354.4923,5.095914,339.662,358.2258,2.975112,342.1504,7.076193,5.24186,342.4329,7.096437,4.764128,329.1144,0.7040613,3.702967,344.1461,0.03551579
359.6659,341.9734,0.4676992,1.41167,344.1426,0.2438355,1.889288,340.1912,83.34913,350.3975,353.3887,88.18594,10.1945,352.2422,286.3929,350.288,332.8231,274.9629,357.7766,342.0816,354.4959,4.97293,341.3874,354.4792,5.095933,339.6683,358.2265,2.973332,342.1584,7.069802,5.256713,342.4428,7.090209,4.77942,329.1217,0.6942839,3.705447,344.1407,0.03542899
359.6695,341.9845,0.4629247,1.414467,344.1376,0.2426289,1.885789,340.1878,83.34455,350.4029,353.3767,88.1778,10.18487,352.2198,286.4113,350.2975,332.8352,274.946,357.795,342.0921,354.4825,4.973698,341.3979,354.4656,5.096939,339.6796,358.2273,2.973455,342.1695,7.064937,5.269654,342.4552,7.085475,4.792307,329.1317,0.6864162,3.70841,344.1357,0.03509517
359.6695,341.9845,0.4629247,1.414467,344.1376,0.2426289,1.885789,340.1878,83.34455,350.4029,353.3767,88.1778,10.18487,352.2198,286.4113,350.2975,332.8352,274.946,357.795,342.0921,354.4825,4.973698,341.3979,354.4656,5.096939,339.6796,358.2273,2.973455,342.1695,7.064937,5.269654,342.4552,7.085475,4.792307,329.1317,0.6864162,3.70841,344.1357,0.03509517
359.6732,341.9997,0.4582139,1.417002,344.1303,0.2415254,1.881377,340.1831,83.34033,350.4059,353.365,88.16911,10.18014,352.2016,286.4238,350.3074,332.8434,274.9335,357.8139,342.1066,354.4695,4.975619,341.4123,354.4525,5.09974,339.6955,358.2279,2.972471,342.1844,7.05952,5.28342,342.4717,7.080207,4.807272,329.1441,0.6776384,3.71106,344.1285,0.03486519
359.6772,342.017,0.4535317,1.419989,344.1201,0.2402162,1.874421,340.1786,83.33846,350.4094,353.3495,88.16125,10.18039,352.1868,286.4314,350.3149,332.8426,274.9287,357.8322,342.1233,354.4568,4.980227,341.4287,354.4397,5.104855,339.7173,358.2281,2.972587,342.2015,7.053406,5.296207,342.4902,7.074222,4.820879,329.1603,0.6686089,3.713796,344.1183,0.03448387
359.6772,342.017,0.4535317,1.419989,344.1201,0.2402162,1.874421,340.1786,83.33846,350.4094,353.3495,88.16125,10.18039,352.1868,286.4314,350.3149,332.8426,274.9287,357.8322,342.1233,354.4568,4.980227,341.4287,354.4397,5.104855,339.7173,358.2281,2.972587,342.2015,7.053406,5.296207,342.4902,7.074222,4.820879,329.1603,0.6686089,3.713796,344.1183,0.03448387
359.6804,342.0319,0.4496031,1.422453,344.1069,0.2392746,1.865949,340.1732,83.33899,350.4116,353.3325,88.15675,10.18321,352.1722,286.4323,350.3239,332.8398,274.925,357.8486,342.1375,354.4454,4.985432,341.4426,354.4282,5.110841,339.7398,358.2278,2.974272,342.2163,7.046538,5.307198,342.5058,7.06745,4.832551,329.1782,0.6597582,3.716011,344.1051,0.03411488
359.6823,342.0434,0.4469966,1.42397,344.11,0.239385,1.876035,340.1659,83.33904,350.4138,353.3327,88.14925,10.18139,352.1736,286.4355,350.3334,332.8564,274.9163,357.8594,342.1487,354.436,4.994616,341.4528,354.4186,5.120661,339.7591,358.226,2.978597,342.2279,7.038842,5.316514,342.5177,7.059809,4.842031,329.1914,0.6503316,3.717455,344.1082,0.03553744
359.6841,342.0569,0.4451633,1.425418,344.1115,0.2401417,1.883145,340.1609,83.34198,350.4169,353.3302,88.1418,10.18028,352.174,286.4364,350.3445,332.8724,274.9086,357.8676,342.1619,354.4272,5.005192,341.4646,354.4097,5.132431,339.781,358.2237,2.981632,342.2413,7.031603,5.324526,342.5315,7.052622,4.850608,329.2004,0.6409369,3.71848,344.1097,0.03755284
359.6841,342.0569,0.4451633,1.425418,344.1115,0.2401417,1.883145,340.1609,83.34198,350.4169,353.3302,88.1418,10.18028,352.174,286.4364,350.3445,332.8724,274.9086,357.8676,342.1619,354.4272,5.005192,341.4646,354.4097,5.132431,339.781,358.2237,2.981632,342.2413,7.031603,5.324526,342.5315,7.052622,4.850608,329.2004,0.6409369,3.71848,344.1097,0.03755284
359.6848,342.0682,0.4446538,1.425834,344.112,0.2416601,1.888762,340.1571,83.34689,350.4172,353.3297,88.13569,10.17992,352.1742,286.4359,350.3542,332.885,274.9034,357.8723,342.1732,354.4175,5.017997,341.4738,354.3999,5.145849,339.8003,358.2206,2.985302,342.2527,7.023586,5.334809,342.5433,7.044674,4.860803,329.2009,0.6294864,3.719594,344.1103,0.03981176
359.6834,342.0789,0.4443907,1.424889,344.1311,0.2436478,1.919842,340.1459,83.34882,350.4183,353.3477,88.12527,10.17707,352.1966,286.4377,350.3594,332.9139,274.8939,357.8804,342.1836,354.4095,5.028885,341.483,354.3916,5.157488,339.8186,358.218,2.991249,342.2635,7.016767,5.34407,342.5543,7.037903,4.870745,329.1718,0.6160164,3.718934,344.1295,0.0433057
359.6834,342.0789,0.4443907,1.424889,344.1311,0.2436478,1.919842,340.1459,83.34882,350.4183,353.3477,88.12527,10.17707,352.1966,286.4377,350.3594,332.9139,274.8939,357.8804,342.1836,354.4095,5.028885,341.483,354.3916,5.157488,339.8186,358.218,2.991249,342.2635,7.016767,5.34407,342.5543,7.037903,4.870745,329.1718,0.6160164,3.718934,344.1295,0.0433057
359.6807,342.0904,0.4454879,1.423309,344.1475,0.2462053,1.948321,340.1346,83.35159,350.4186,353.3637,88.1157,10.17486,352.2161,286.4384,350.3633,332.9381,274.8859,357.8892,342.1949,354.4002,5.039937,341.4929,354.3822,5.16874,339.836,358.2155,2.995293,342.2751,7.008848,5.355353,342.5664,7.030066,4.881957,329.1405,0.6006182,3.718274,344.146,0.04737082
359.6776,342.1053,0.4475422,1.42132,344.1624,0.2498956,1.974138,340.1245,83.35456,350.4188,353.3783,88.10678,10.17251,352.2332,286.439,350.3649,332.957,274.881,357.9006,342.2094,354.3911,5.050056,341.5063,354.3729,5.17926,339.8562,358.2137,2.998739,342.29,7.00178,5.366011,342.582,7.023077,4.892779,329.1467,0.5902488,3.717472,344.161,0.05273389
359.6776,342.1053,0.4475422,1.42132,344.1624,0.2498956,1.974138,340.1245,83.35456,350.4188,353.3783,88.10678,10.17251,352.2332,286.439,350.3649,332.957,274.881,357.9006,342.2094,354.3911,5.050056,341.5063,354.3729,5.17926,339.8562,358.2137,2.998739,342.29,7.00178,5.366011,342.582,7.023077,4.892779,329.1467,0.5902488,3.717472,344.161,0.05273389
359.675,342.117,0.4496886,1.419735,344.1692,0.2535909,1.990795,340.1159,83.35942,350.418,353.3857,88.1003,10.17337,352.244,286.4375,350.3641,332.9634,274.8804,357.912,342.2207,354.3827,5.060209,341.5167,354.3644,5.190055,339.8752,358.2115,3.002441,342.3018,6.994398,5.377554,342.5944,7.015782,4.903948,329.1533,0.5797784,3.716747,344.1679,0.05785632
359.6727,342.1265,0.4515727,1.418546,344.1707,0.2568878,2.003336,340.1059,83.3644,350.4157,353.389,88.09554,10.17691,352.2511,286.4348,350.3653,332.966,274.8805,357.9233,342.2298,354.3748,5.069528,341.525,354.3564,5.19978,339.8918,358.2095,3.008692,342.3116,6.9885,5.386432,342.6042,7.009927,4.912994,329.1595,0.5715952,3.716005,344.1696,0.06252529
359.6727,342.1265,0.4515727,1.418546,344.1707,0.2568878,2.003336,340.1059,83.3644,350.4157,353.389,88.09554,10.17691,352.2511,286.4348,350.3653,332.966,274.8805,357.9233,342.2298,354.3748,5.069528,341.525,354.3564,5.19978,339.8918,358.2095,3.008692,342.3116,6.9885,5.386432,342.6042,7.009927,4.912994,329.1595,0.5715952,3.716005,344.1696,0.06252529
359.6705,342.134,0.4533538,1.417389,344.1683,0.2599083,2.013363,340.0941,83.36861,350.414,353.3879,88.09148,10.18036,352.2532,286.4299,350.3696,332.9681,274.8801,357.9257,342.2374,354.3679,5.084862,341.5304,354.3493,5.214974,339.9053,358.2054,3.015128,342.3194,6.984063,5.395159,342.6122,7.005536,4.92181,329.1656,0.5650852,3.715391,344.1673,0.06664355
359.668,342.1352,0.4550801,1.415701,344.1682,0.2629746,2.028156,340.079,83.37125,350.4125,353.3885,88.08558,10.18228,352.2562,286.425,350.376,332.9754,274.8775,357.9343,342.2383,354.3616,5.09393,341.5305,354.3429,5.224125,339.9115,358.2025,3.019852,342.3207,6.979148,5.408317,342.6143,7.000728,4.933372,329.1638,0.5568821,3.714131,344.1673,0.07080837
359.668,342.1352,0.4550801,1.415701,344.1682,0.2629746,2.028156,340.079,83.37125,350.4125,353.3885,88.08558,10.18228,352.2562,286.425,350.376,332.9754,274.8775,357.9343,342.2383,354.3616,5.09393,341.5305,354.3429,5.224125,339.9115,358.2025,3.019852,342.3207,6.979148,5.408317,342.6143,7.000728,4.933372,329.1638,0.5568821,3.714131,344.1673,0.07080837
359.626,342.1374,0.5211478,1.350073,344.2094,0.362538,2.031541,340.0938,83.2952,350.3359,353.5238,88.1969,10.15967,352.2911,286.3545,350.3528,332.9498,274.973,357.923,342.2412,354.3724,5.083545,341.5347,354.3539,5.211109,339.9114,358.2072,3.028862,342.324,6.98397,5.370679,342.6121,7.00507,4.896973,329.1374,0.5669358,3.637624,344.2114,0.1952698
359.5859,342.1388,0.5855427,1.291188,344.2397,0.4527574,2.028502,340.105,83.22353,350.2597,353.6464,88.30496,10.1457,352.3227,286.2831,350.3293,332.9162,275.0608,357.8978,342.2438,354.3932,5.080822,341.5378,354.3748,5.206803,339.9074,358.2085,3.033492,342.3262,6.990696,5.333747,342.6094,7.011361,4.860613,329.1082,0.5784627,3.571955,344.244,0.3029604
